model,r2_score,rmse,mae,mape,mse,within_5_pct,within_10_pct,within_15_pct,within_20_pct,mean_error,std_error,max_error,median_error,explained_variance,adj_r2_score
lightgbm,0.9981531102104096,255421.63443574632,197133.81516568977,1.2758734493685573,65240211337.828026,99.125,99.965,100.0,100.0,1179.7468289089998,255418.9099014552,2298459.4805765897,162433.1316341441,0.9981531496110481,0.9981530178566848
