model,r2_score,rmse,mae,mape,mse,within_5_pct,within_10_pct,within_15_pct,within_20_pct,mean_error,std_error,max_error,median_error,explained_variance,adj_r2_score
ensemble,0.9988499316902454,201557.5207680603,159022.9739579993,1.028449256238842,40625434178.16705,99.88,99.985,100.0,100.0,571.9767564327134,201556.70919311309,2187342.475274302,138810.82736240327,0.9988499409517678,0.998849874181079
xgboost,0.9987241625785828,212291.00992741072,167148.96875,1.08215669170022,45067472896.0,99.83,99.99,100.0,100.0,118.904925,212290.974878536,1993041.0,144004.0,0.9987241821210624,0.9987240987803319
catboost,0.9983910977177411,238397.6792412341,183353.0317140635,1.1733330949280156,56833453467.60634,99.63,99.97,99.99,100.0,921.9164271699051,238395.89664612027,2973666.6118771285,151520.6609638352,0.9983911217784672,0.9983910172645817
lightgbm,0.9981531102104096,255421.63443574632,197133.81516568977,1.2758734493685573,65240211337.828026,99.125,99.965,100.0,100.0,1179.7468289089998,255418.9099014552,2298459.4805765897,162433.1316341441,0.9981531496110481,0.9981530178566848
